Size,T60,T80
20000,0.072912,0.056729
40000,0.287235,0.222745
